<?xml version="1.0" encoding="UTF-8"?>
<beans:beans xmlns="http://www.springframework.org/schema/mvc"
	xmlns:xsi="http://www.w3.org/2001/XMLSchema-instance"
	xmlns:beans="http://www.springframework.org/schema/beans"
	xmlns:context="http://www.springframework.org/schema/context"
	xmlns:tx="http://www.springframework.org/schema/tx"
	xmlns:security="http://www.springframework.org/schema/security"
	xsi:schemaLocation="http://www.springframework.org/schema/security http://www.springframework.org/schema/security/spring-security-5.2.xsd
		http://www.springframework.org/schema/mvc https://www.springframework.org/schema/mvc/spring-mvc.xsd
		http://www.springframework.org/schema/beans https://www.springframework.org/schema/beans/spring-beans.xsd
		http://www.springframework.org/schema/context https://www.springframework.org/schema/context/spring-context.xsd
		http://www.springframework.org/schema/tx http://www.springframework.org/schema/tx/spring-tx-4.3.xsd">

	<!-- DispatcherServlet Context: defines this servlet's request-processing infrastructure -->
	
	<!-- Enables the Spring MVC @Controller programming model -->
	<annotation-driven />
	<default-servlet-handler/> 

	<!-- Handles HTTP GET requests for /resources/** by efficiently serving up static resources in the ${webappRoot}/resources directory -->
	<!-- 반드시 webapp/resources 폴더 -->
	<!-- <resources mapping="/resources/**" location="/resources/" /> 
		junit테스트시 에러남
	-->

	<!-- Resolves views selected for rendering by @Controllers to .jsp resources in the /WEB-INF/views directory -->
	<beans:bean class="org.springframework.web.servlet.view.InternalResourceViewResolver">
		<beans:property name="prefix" value="/WEB-INF/views/" />
		<beans:property name="suffix" value=".jsp" />
	</beans:bean>
	<!-- @Controller 검색할 패키지는 DispatcherServlet실행후 검색하므로
	       반드시 servlet-context.xml 설정 -->
	<context:component-scan base-package="com.*" />
	
	<!-- root-context.xml 설정가능 -->
	<beans:bean id="transactionManager"
		class="org.springframework.jdbc.datasource.DataSourceTransactionManager">
		<beans:property name="dataSource" ref="dataSource" />		
		</beans:bean>
		
	<!-- @Transactional 어노테이션 사용하기 위해, servlet-context.xml에 반드시 설정해야 함.... -->
	<tx:annotation-driven transaction-manager="transactionManager"/> <!-- transaction-manager="transactionManager" <-기본값. 입력 안해도 됨. -->
	
	
	<!-- 인터셉터를 이용해서 로그인 여부 판단 -->
<!-- 	<interceptors>
		<interceptor>
			mapping의 모든 요청은 Controller에 도착하기 전에 가로챈다
			<mapping path="/*" />
			exclude-mapping은 요청을 가로채지 않는다.
			<exclude-mapping path="/"/>
			<exclude-mapping path="/access"/>
			<exclude-mapping path="/joinfrm"/>
			<exclude-mapping path="/memberjoin"/>
			<exclude-mapping path="/boardlist"/>
			<beans:bean class="com.icia.board.userClass.SessionInterceptor"/>
		</interceptor>	
	</interceptors> -->
	
	<security:global-method-security pre-post-annotations="enabled" secured-annotations="enabled" />
</beans:beans>
