<?xml version="1.0" encoding="UTF-8"?>
<beans xmlns="http://www.springframework.org/schema/beans"
	xmlns:xsi="http://www.w3.org/2001/XMLSchema-instance"
	xmlns:mybatis-spring="http://mybatis.org/schema/mybatis-spring"
	xmlns:context="http://www.springframework.org/schema/context"
	xsi:schemaLocation="http://mybatis.org/schema/mybatis-spring http://mybatis.org/schema/mybatis-spring-1.2.xsd
		http://www.springframework.org/schema/beans https://www.springframework.org/schema/beans/spring-beans.xsd
		http://www.springframework.org/schema/context http://www.springframework.org/schema/context/spring-context-4.3.xsd">

	<!-- Root Context: defines shared resources visible to all other web components -->

	<bean id="hikariConfig" class="com.zaxxer.hikari.HikariConfig">
		<!-- <property name="driverClassName" value="oracle.jdbc.driver.OracleDriver" 
			/> <property name="jdbcUrl" value="jdbc:oracle:thin:@127.0.0.1:1521:XE" /> -->
		<property name="driverClassName"
			value="net.sf.log4jdbc.sql.jdbcapi.DriverSpy" />
		<property name="jdbcUrl"
			value="jdbc:log4jdbc:oracle:thin:@localhost:1521:XE" />
		<property name="username" value="hans" />
		<property name="password" value="0000" />
	</bean>
	<!-- HikariCP configuration -->
	<bean id="dataSource" class="com.zaxxer.hikari.HikariDataSource"
		destroy-method="close">
		<constructor-arg ref="hikariConfig" />
	</bean>
	<!-- sqlSessionFactory :: mybatis가 사용 -->
	<bean id="sqlSessionFactory"
		class="org.mybatis.spring.SqlSessionFactoryBean">
		<property name="dataSource" ref="dataSource" />
		<property name="configLocation"
			value="classpath:/mybatis-config.xml" />
		<property name="mapperLocations"
			value="classpath:/mapper/*.xml" />
	</bean>

	<!-- 인터페이스를 검색위한 패키지 등록 -->
	<!-- 인터페이스와 매퍼를 이용해서 DAO 구현체를 생성 IoC컨테이너에 등록 -->
	<mybatis-spring:scan
		base-package="com.icia" />

	<!-- SqlSessionTemplate 설정: Dao를 클래스 정의 -->
	<bean id="tpl" class="org.mybatis.spring.SqlSessionTemplate">
		<constructor-arg index="0" ref="sqlSessionFactory" />
	</bean>

	<!-- id: 내부적으로 참조하므로 변경하지 말것 -->
	<bean id="multipartResolver"
		class="org.springframework.web.multipart.commons.CommonsMultipartResolver">
		<property name="defaultEncoding" value="UTF-8" />
		<property name="maxUploadSize" value="209715200" /><!-- 10MB -->
		<property name="maxInMemorySize" value="209715200" /><!-- 10MB -->
	</bean>

	<!-- Gmail -->
	<bean id="mailSender"
		class="org.springframework.mail.javamail.JavaMailSenderImpl">
		<property name="host" value="smtp.gmail.com" />
		<property name="port" value="587" />
		<property name="username" value="apt8757@gmail.com" />
		<property name="password" value="asd4530154" />
		<property name="javaMailProperties">
			<props>
				<prop key="mail.smtp.auth">true</prop>
				<prop key="mail.smtp.starttls.enable">true</prop>
			</props>
		</property>
	</bean>
		<context:component-scan base-package="com.icia" />
</beans>