<?xml version="1.0" encoding="UTF-8"?>
<!--ClassHomeMapper.xml -->
	<!DOCTYPE mapper PUBLIC "-//mybatis.org//DTD Mapper 3.0//EN" 
	"http://mybatis.org/dtd/mybatis-3-mapper.dtd">
<mapper namespace="com.icia.classHome.ClassHomeDao">
	<select id="selectSchedule" parameterType="schedule"
		resultType="schedule">
		SELECT * FROM CLCOSC WHERE SC_YEAR=#{Sc_year} AND SC_MONTH=#{Sc_month} AND
		SC_DATE=#{Sc_date} AND SC_ID =#{Sc_id}
	</select>
	<insert id='insertSchedule' parameterType='schedule'>
		<selectKey keyProperty='sc_lv' resultType='Integer'
			order='BEFORE'>
			SELECT cl_lv FROM cl WHERE cl_idnum = #{sc_idnum}
		</selectKey>
		INSERT INTO sc(sc_year, sc_month, sc_date, sc_num, sc_id, sc_idnum, sc_lv, sc_contents)
		VALUES(#{sc_year}, #{sc_month}, #{sc_date}, #{sc_num}, #{sc_id}, #{sc_idnum}, #{sc_lv}, #{sc_contents})
	</insert>
	<delete id='deleteSchedule' parameterType='schedule'>
		DELETE FROM sc WHERE
		sc_year = #{sc_year} AND sc_month = #{sc_month} AND sc_date =
		#{sc_date} AND
		sc_idnum = #{sc_idnum} AND sc_contents = #{sc_contents} AND sc_id = #{sc_id}
		AND sc_num = #{sc_num} AND sc_lv=#{sc_lv}
	</delete>
	<select id='selectClassHome' parameterType='class'
		resultType='class'>
		SELECT * FROM classInfo WHERE cl_idnum = #{cl_idnum} AND cl_lv=#{cl_lv}
	</select>
	<insert id='insertMyClassQna' parameterType='courseBoard'>
		INSERT INTO 
		cob(cob_idnum, cob_lv, cob_num, cob_id, cob_bonum, cob_title, cob_cont, cob_date, cob_kind)
		VALUES(#{cob_idnum}, #{cob_lv}, #{cob_num}, #{cob_id},
		#{cob_bonum}||LPAD(MQ_SEQ.NEXTVAL,5,0), #{cob_title}, #{cob_cont},
		default, #{cob_kind})
	</insert>
	<insert id='insertLastQuiz' parameterType='problem'>
		INSERT INTO pb(pb_num, pb_lv, pb_id, pb_idnum, pb_pbnum, pb_pbname, pb_pbanswer, pb_pbexplain, pb_pbstudent,
		pb_answerchk, pb_pbdate, pb_pbchkqz) 
		VALUES(#{pb_num}, #{pb_lv}, #{pb_id}, #{pb_idnum}, #{pb_pbnum}, #{pb_pbname}, #{pb_pbanswer},
		#{pb_pbexplain}, #{pb_pbstudent}, #{pb_answerchk}, default, #{pb_pbchkqz})
	</insert>
	<select id='selectLevelCheckRandomQuizInfo' parameterType='problem' resultType='problem'>
		<![CDATA[
		select * 
		from(select * from problemCC order by DBMS_RANDOM.RANDOM) 
    	where rownum < 4 AND pb_lv=#{pb_lv} and cl_cc=#{cl_cc}
    	]]>
	</select>
</mapper>
		 	
	