<?xml version="1.0" encoding="UTF-8"?>

<!DOCTYPE mapper PUBLIC "-//mybatis.org//DTD Mapper 3.0//EN" 
"http://mybatis.org/dtd/mybatis-3-mapper.dtd">

<mapper namespace="com.icia.homework.IHomeworkDao">
<insert id="insertHomework">
INSERT INTO HOMEWORK(hw_hwname,hw_id,hw_num,hw_idnum,hw_lv,hw_date,hw_psfa) VALUES(#{hw_hwname},#{hw_id},#{hw_num},#{hw_idnum},#{hw_lv},#{hw_date},#{hw_psfa})
</insert>
<select id="selectHomeworkList" parameterType="String" resultType="com.icia.homework.HomeworkBean">
SELECT * FROM HW WHERE HW_IDNUM= #{hw_idnum} AND HW_LV= #{hw_lv} AND HW_NUM= #{hw_num} AND HW_PSFA='0' AND NOT HW_NUM =0
</select>

<select id="selectHwResult" parameterType="String" resultMap="hwBean">
SELECT * FROM HWFL WHERE HW_ID=#{hw_id} AND HW_NUM=#{hw_num} AND HW_LV= #{hw_lv} 
AND HW_IDNUM=#{hw_idnum} AND NOT HW_PSFA='0' AND FL_SUBVD='homework' AND FL_ID=#{hw_id} AND NOT HW_NUM =0
</select>
<resultMap type="com.icia.homework.HomeworkBean" id="hwBean">
	<id column="HW_IDNUM" property="hw_idnum"/>
	<result column="HW_HWNAME" property="hw_hwname"/>
	<result column="HW_ID" property="hw_id"/>
	<result column="HW_NUM" property="hw_num"/>
	<result column="HW_LV" property="hw_lv"/>
	<result column="HW_DATE" property="hw_date"/>
	<result column="HW_PSFA" property="hw_psfa"/>
	<collection property="fbList" javaType="ArrayList" resultMap="fbList"/>
</resultMap>
<resultMap type="com.icia.course.CourseFilesBean" id="fbList">
	<id column="FL_IDNUM" property="fl_idnum"/>
	<result column="FL_SUBVD" property="fl_subvd"/>
	<result column="FL_SYSNAME" property="fl_sysname"/>
	<result column="FL_ORINAME" property="fl_oriname"/>
	<result column="FL_NUM" property="fl_num"/>
	<result column="FL_ID" property="fl_id"/>
	<result column="FL_LV" property="fl_lv"/>
</resultMap>





</mapper>