<?xml version="1.0" encoding="UTF-8"?>

<!DOCTYPE mapper PUBLIC "-//mybatis.org//DTD Mapper 3.0//EN" 
"http://mybatis.org/dtd/mybatis-3-mapper.dtd">

<mapper namespace="com.icia.introductionTeacherConfirm.IIntroductionTeacherConfirmDao">

<insert id="insertRegister" parameterType="intrTeaConf">
INSERT INTO CERTIFORPROF(ct_prof, ct_id, ct_cont, ct_date, ct_check) VALUES(#{ct_prof}, #{ct_id}, #{ct_cont}, default, #{ct_check})
</insert>

<select id="selectLectureConfirm" parameterType="intrTeaConf" resultType="intrTeaConf">
select  mb_id, cl_clname, co_lv, cl_fnday, cl_stday, cl_idnum
from member 
inner join class on member.mb_id=class.cl_id
inner join course on class.cl_idnum=course.co_idnum and class.cl_lv = course.co_lv 
inner join files on course.co_num= files.fl_num and course.co_idnum = files.fl_idnum 
where cl_ct=1
group by class.cl_idnum, course.co_lv, mb_id, cl_clname, cl_fnday, cl_stday

</select>

<select id="selectLectureData" resultType="intrTeaConf">
select fl_sysname, co_num, co_name, mb_id, cl_clname, co_lv, cl_fnday, cl_stday, cl_idnum, cl_cc, co_cont, cl_pt
from member 
inner join class on member.mb_id=class.cl_id
inner join course on class.cl_idnum=course.co_idnum and class.cl_lv = course.co_lv
inner join files on course.co_num= files.fl_num and co_idnum = fl_idnum 
where cl_ct=1 and cl_idnum=#{cl_idnum} and co_lv=#{co_lv}

</select>

<select id="selectLectureConfirmYes" resultType="intrTeaConf">
select  mb_id, cl_clname, co_lv, cl_fnday, cl_stday, cl_idnum
from member 
inner join class on member.mb_id=class.cl_id
inner join course on class.cl_idnum=course.co_idnum and class.cl_lv = course.co_lv 
inner join files on course.co_num= files.fl_num and course.co_idnum = files.fl_idnum 
where cl_ct=1 and cl_idnum=#{cl_idnum} and co_lv=#{co_lv}
group by class.cl_idnum, course.co_lv, mb_id, cl_clname, cl_fnday, cl_stday




</select>

</mapper>
