<?xml version="1.0" encoding="UTF-8"?>
<!DOCTYPE mapper
 PUBLIC "-//mybatis.org//DTD Mapper 3.0//EN"
 "http://mybatis.org/dtd/mybatis-3-mapper.dtd">
 <mapper namespace="com.icia.lectureResult.ILectureResult">
 	<select id="selectLectureResult" parameterType="LectureResult" resultType="LectureResult">
 		SELECT cl_idnum, cl_clname, Co_name, co_num, co_lv, COUNT(gr_id) as gr_id, cl_id, gr_kind
		FROM lectureQuiz1
		WHERE cl_id= #{cl_id} 
		GROUP BY cl_idnum, cl_clname, Co_name, co_num, co_lv, cl_id, gr_kind
		ORDER BY cl_clname DESC
 	</select>
 	
 	<select id="selectQuizLectureResult" parameterType="LectureResult" resultType="LectureResult">
 		SELECT cl_idnum, cl_clname, Co_name, co_num, co_lv, COUNT(gr_id) as gr_id, cl_id, gr_kind
		FROM lectureQuiz
		WHERE cl_id= #{cl_id} 
		GROUP BY cl_idnum, cl_clname, Co_name, co_num, co_lv, cl_id, gr_kind
		ORDER BY cl_clname DESC 	
 	</select>
 	
 	<select id="allSelectLectureResult" parameterType="String" resultType="LectureResult">
 		SELECT *
		FROM(SELECT cl_idnum, cl_clname, Co_name, cl_lcnum, co_lv, COUNT(gr_id) as gr_id, cl_id, gr_kind
        		FROM lectureQuiz
        		where gr_kind=#{box1} and cl_id=#{id}
        		group by cl_idnum, cl_clname, Co_name, cl_lcnum, co_lv, cl_id, gr_kind) 
		WHERE cl_clname LIKE '%${cont}%' OR Co_name LIKE '%${cont}%'
		ORDER BY cl_clname DESC
 	</select>
 	
 	<select id="classSelectLectureResult" parameterType="String" resultType="LectureResult">
 		SELECT cl_idnum, cl_clname, co_name, cl_lcnum, co_lv, COUNT(gr_id) AS gr_id, cl_id, gr_kind
        FROM lectureQuiz
        where gr_kind=#{box1} and cl_id=#{id} and cl_clname LIKE '%${cont}%'
        group by cl_idnum, cl_clname, co_name, cl_lcnum, co_lv, cl_id, gr_kind
        ORDER BY cl_clname DESC
 	</select>
 	
 	<select id="courseSelectLectureResult" parameterType="String" resultType="LectureResult">
 		SELECT cl_idnum, cl_clname, co_name, cl_lcnum, co_lv, COUNT(gr_id) AS gr_id, cl_id, gr_kind
        FROM lectureQuiz
        where gr_kind=#{box1} and cl_id=#{id} and Co_name LIKE '%${cont}%'
        group by cl_idnum, cl_clname, co_name, cl_lcnum, co_lv, cl_id, gr_kind
        ORDER BY cl_clname DESC
 	</select>
 	
 	<select id="goLectureResultShowPage" parameterType="LectureResult" resultType="LectureResult">
    		SELECT gr_idnum, co_name, gr_num, gr_id as gr_id1, gr_score, gr_kind
    		FROM studcntavg1
    		where gr_kind=#{gr_kind} and gr_idnum=#{cl_idnum} and co_name=#{co_name} and gr_num=#{cl_lcnum}
    		ORDER BY gr_score DESC
 	</select>
 	
 	<select id="goQuizLectureResultShowPage" parameterType="LectureResult" resultType="LectureResult">
			SELECT gr_idnum, co_name, gr_num, gr_id as gr_id1, gr_score, gr_kind 
			FROM studcntavg
			where gr_kind=#{gr_kind} and gr_idnum=#{cl_idnum} and co_name=#{co_name} and gr_num=#{cl_lcnum}
			ORDER BY  gr_num, gr_idnum, co_name, gr_kind, gr_score DESC
 	</select>
 	
 	<select id="selectLectureResultUpdate" parameterType="LectureResult" resultType="LectureResult">
		select  pb_idnum, pb_pbnum, pb_pbname, pb_pbexplain, pb_pbstudent, pb_answerchk, pb_id, pb_pbchkqz, pb_lv,
				pb_num
		from problem
		where pb_id= #{gr_id1} and pb_idnum=#{cl_idnum} and pb_pbchkqz = #{pb_pbchkqz} and pb_num=#{cl_lcnum}
		order by pb_pbnum
 	</select>
 	
 	<select id="selectDetailProblem" parameterType="LectureResult" resultType="LectureResult">
 		select dp_pbnum, dp_pbexm, dp_pbexmnum
		from DetailProblem
		where dp_id = #{cl_id} and dp_idnum = #{cl_idnum} and dp_num = #{cl_lcnum}
		order by dp_pbnum, dp_pbexmnum
 	</select>
 	
 	<update id="LectureResultUpdate" parameterType="LectureResult">
 		UPDATE problem SET pb_pbstudent = #{pb_pbstudent}, pb_answerchk= #{pb_answerchk} 
		WHERE pb_idnum=#{cl_idnum} and pb_pbnum=#{pb_pbnum} and pb_num=#{cl_lcnum} and pb_lv=#{pb_lv} and pb_id=#{gr_id1}
 	</update>
 	
 	<update id="gradeUpdate" parameterType="LectureResult">
	 	UPDATE grade SET gr_score = #{gr_score}
		WHERE gr_idnum=#{cl_idnum} and gr_id=#{gr_id1} and gr_num=#{cl_lcnum} and gr_lv=#{pb_lv} and gr_kind=#{gr_kind}
 	</update>
 </mapper>