<?xml version="1.0" encoding="UTF-8"?>
<!DOCTYPE mapper
 PUBLIC "-//mybatis.org//DTD Mapper 3.0//EN"
 "http://mybatis.org/dtd/mybatis-3-mapper.dtd">
 <mapper namespace="com.icia.lectureTestAnswer.ILectureTestAnswer">
 	
 	<select id="selectLectureTestAnswer" parameterType="String" resultType="LectureTestAnswer">
 		SELECT cl_idnum, cl_clname, co_name, co_num, co_lv, COUNT(gr_id) AS gr_id1, cl_id
		FROM lectureQuiz1
		where gr_kind='T' and cl_id=#{id}
		group by cl_idnum, cl_clname, co_name, co_num, co_lv, cl_id
 	</select>
 	
 	<select id="allSelectLectureTestAnswer" parameterType="String" resultType="LectureTestAnswer">
 		SELECT *
		FROM(SELECT cl_idnum, cl_clname, co_name, co_num, co_lv, COUNT(gr_id) AS gr_id1, cl_id
			FROM lectureQuiz1
			where gr_kind='T' and cl_id=#{id}
			group by cl_idnum, cl_clname, co_name, co_num, co_lv, cl_id) 
		WHERE cl_clname LIKE '%${cont}%' OR Co_name LIKE '%${cont}%'
 	</select>
 	
 		<select id="classSelectLectureTestAnswer" parameterType="String" resultType="LectureTestAnswer">
		SELECT cl_idnum, cl_clname, co_name, co_num, co_lv, COUNT(gr_id) AS gr_id1, cl_id
        FROM lectureQuiz1
        where gr_kind='T' and cl_id=#{id} and cl_clname LIKE '%${cont}%'
        group by cl_idnum, cl_clname, co_name, co_num, co_lv, cl_id
	</select>
	
	<select id="courseSelectLectureTestAnswer" parameterType="String" resultType="LectureTestAnswer">
		SELECT cl_idnum, cl_clname, co_name, co_num, co_lv, COUNT(gr_id) AS gr_id1, cl_id
        FROM lectureQuiz1
        where gr_kind='T' and cl_id=#{id} and Co_name LIKE '%${cont}%'
        group by cl_idnum, cl_clname, co_name, co_num, co_lv, cl_id
	</select>
 	
 	<select id="selectlectureTestAnswerShow" parameterType="LectureTestAnswer" resultType="LectureTestAnswer">
 		select  problem.pb_idnum, pb_pbnum, pb_pbname, pb_pbexplain
		from problem
		where pb_id= #{cl_id} and pb_idnum=#{cl_idnum} and pb_pbchkqz = 0
		order by pb_pbnum
 	</select>
 
 	<select id="selectDetailProblem" parameterType="LectureTestAnswer" resultType="LectureTestAnswer">
 		select dp_pbnum, dp_pbexm, dp_pbexmnum
		from DetailProblem
		where dp_id = #{cl_id} and dp_idnum = #{cl_idnum} and dp_num = #{cl_lcnum}
		order by dp_pbnum, dp_pbexmnum
 	</select>
 	
 	<select id="selectPercentage" parameterType="LectureTestAnswer" resultType="LectureTestAnswer">
 		SELECT pb_pbstudent, pb_answerchk
		FROM problem
		where not pb_id= #{cl_id} and pb_idnum=#{pb_idnum} and pb_pbchkqz = 0
		and pb_pbnum = #{pb_pbnum}
 	</select>
 	
 </mapper>
 